algorithm,iteration,samples_processed,time_ms,time_per_sample_ms,train_epsilon_loss,train_time_ms,train_mse,train_r2,test_time_ms,test_mse,test_r2
PAR,1,16095,30.34789999946952,0.0018855483068946578,0.25363076018545855,30.34789999946952,5783227.88993383,0.7634643255145379,0.5344999954104424,5886458.214267118,0.7623595734065616
PAR,2,32190,31.055300001753494,0.0009647499223906025,0.16489361454236176,31.055300001753494,3295277.4676339,0.8652222092474989,0.43259999074507505,3334010.376155761,0.8654036741250786
PAR,3,48285,31.730599992442876,0.0006571523245820208,0.1726915756358504,31.730599992442876,4715256.503962958,0.8071446606006734,1.658199995290488,4778719.084488624,0.8070797752278838
PAR,4,64380,32.4045000015758,0.0005033317800803945,0.1650690741243123,32.4045000015758,4483114.818243814,0.8166393219304379,0.8642000029794872,4683762.546227163,0.8109132369528982
PAR,5,80475,33.0816999921808,0.00041108045967295186,0.5999703507245095,33.0816999921808,27628972.592173547,-0.1300328798740955,0.455000001238659,28107240.553916704,-0.1347089187532382
PAR,6,96570,33.74600000097416,0.00034944599773194745,0.1456276229907487,33.74600000097416,3648566.3355535846,0.8507725935221633,0.4045999958179891,3706368.08743064,0.8503713334319516
PAR,7,112665,34.4312999950489,0.0003056077752190024,0.14824173431618334,34.4312999950489,4451265.503945678,0.8179419679929459,0.39570000080857426,4482747.575448881,0.8190283516226395
PAR,8,128760,35.139799991156906,0.0002729092885302649,0.14830193878568032,35.139799991156906,3822419.624553749,0.8436619442865094,0.3873999958159402,4015664.0538439797,0.837884839393151
PAR,9,144855,35.8010999916587,0.00024715128916267095,0.18548849111175716,35.8010999916587,4742276.104501806,0.806039551212038,0.38979999953880906,4810605.885232233,0.8057924828263094
PAR,10,160950,36.45709999545943,0.00022651196020788712,0.22214556050806944,36.45709999545943,5528608.712505764,0.7738783226829203,0.3913999971700832,5720578.038760058,0.7690562718686945
PAR,11,177045,37.17619999952149,0.0002099816430823886,0.2449810377099946,37.17619999952149,5578404.939817712,0.7718416427460006,0.4082999948877841,5705106.245057547,0.769680878979082
PAR,12,193140,38.17449999041855,0.0001976519622575259,0.15409222908224288,38.17449999041855,4217030.384284937,0.8275222513695656,0.3892999957315624,4335966.912466184,0.8249539894335619
PAR,13,209235,40.22489998897072,0.0001922474728844157,0.14509946329434212,40.22489998897072,3842591.1556132575,0.842836922897871,0.38729999505449086,4022565.1333179134,0.8376062379981447
PAR,14,225330,42.069399991305545,0.0001867012825247661,0.24594149793367465,42.069399991305545,9440055.572771365,0.6138990275703509,0.4293000092729926,9574080.83132111,0.613487674561115
PAR,15,241425,43.33659999247175,0.00017950336540321733,0.15497275982213451,43.33659999247175,3781202.908138351,0.8453477197743406,1.6733000084059313,3933302.8660446084,0.8412098180290218
PAR,16,257520,44.178600001032464,0.00017155405405806331,0.24298251574500704,44.178600001032464,7569677.964232829,0.6903980066177129,1.185600005555898,7905019.934925594,0.6808688278781507
PAR,17,273615,44.854199994006194,0.00016393180196263435,0.1635701401792495,44.854199994006194,3988214.6841234504,0.8368808789389142,0.45310000132303685,4049760.541728958,0.8365083403794171
PAR,18,289710,45.533399999840185,0.00015716889303041035,0.16242703991734747,45.533399999840185,5637771.35937751,0.7694135392094262,0.41980000969488174,5648166.184002327,0.7719795889854867
PAR,19,305805,46.21039998892229,0.00015111067506719082,0.21642736998678813,46.21039998892229,6592934.8401376745,0.7303470797052561,0.5375000037020072,6795967.264739353,0.7256420582425259
PAR,20,321900,46.87369999010116,0.00014561571913669202,0.267976012126352,46.87369999010116,7341020.559557042,0.6997501598564299,0.40359998820349574,7574274.6293979855,0.6942212467076698
PAR,21,337995,47.57929999323096,0.00014076924212852546,0.21703494688810165,47.57929999323096,8079033.91419429,0.6695652026075123,0.40499999886378646,8133780.677232699,0.6716335970464884
PAR,22,354090,48.234499990940094,0.00013622101722991358,0.17985921710911937,48.234499990940094,4388704.16936443,0.8205007444675239,0.3978000022470951,4420267.441795344,0.8215507182265601
PAR,23,370185,48.88950000167824,0.0001320677499133629,0.13670927734794835,48.88950000167824,3388153.180977128,0.8614235660127759,0.38949999725446105,3476804.184851594,0.8596389884043621
PAR,24,386280,49.56089999177493,0.00012830304440244106,0.17126646690205768,49.56089999177493,3999581.1769275856,0.8364159861328326,0.3887999919243157,4065814.2335155397,0.8358602416372369
PAR,25,402375,50.22839999583084,0.00012482982291601327,0.15924250543883794,50.22839999583084,4278253.267664323,0.8250182179318908,0.3972999984398484,4465180.338607371,0.8197375532350737
PAR,26,418470,50.883399992017075,0.00012159390157482514,0.21017113831471212,50.883399992017075,6789728.62607329,0.7222981575848171,1.0581000096863136,6986472.589552729,0.7179512253156487
PAR,27,434565,51.55219999141991,0.0001186294340119888,0.23284139409541713,51.55219999141991,5674131.770778648,0.7679263879854001,0.9064000041689724,5891390.551840577,0.7621604514961708
PAR,28,450660,52.20549998921342,0.00011584232012872991,0.17316283281738995,52.20549998921342,4839788.634700676,0.8020512608419628,0.44219999108463526,5040988.489761521,0.7964917762847504
PAR,29,466755,52.86899999191519,0.00011326927401295152,0.15834852225751736,52.86899999191519,3743382.56309386,0.8468945827018663,0.40240000816993415,3869156.6909986497,0.8437994438867766
PAR,30,482850,53.57170000206679,0.00011094894895322935,0.23824604401234445,53.57170000206679,7581739.786268664,0.6899046746472167,0.4107000131625682,7828242.319767888,0.6839683937893947
PAR,31,498945,54.410500000813045,0.00010905109781802211,0.15235194264197932,54.410500000813045,4092153.159123297,0.8326297655888988,0.42130000656470656,4066708.9193895482,0.8358241225440526
PAR,32,515040,55.50649999349844,0.00010777124105603145,0.2272630519384933,55.50649999349844,5320300.043089109,0.7823982068305605,0.40689999877940863,5559680.92386075,0.7755518006961399
PAR,33,531135,57.756800000788644,0.00010874222184715496,0.26159640674632756,57.756800000788644,10133557.770381035,0.5855345893723896,0.41870000131893903,10342682.729550296,0.5824586794799953
PAR,34,547230,58.74989999574609,0.00010735869743205982,0.19924013026348927,58.74989999574609,5245536.674848058,0.7854560499711503,0.46830000064801425,5252926.101421212,0.7879357069791139
PAR,35,563325,59.875899998587556,0.00010629015221867937,0.2282305588248313,59.875899998587556,4415097.589556695,0.8194212460341279,0.39010000182315707,4349441.6142699225,0.8244100063170083
PAR,36,579420,60.687199991662055,0.00010473784127517527,0.16446035353573502,60.687199991662055,3553811.021940872,0.8546481129454037,0.40330000047106296,3618516.165859719,0.8539179768224656
PAR,37,595515,61.45290000131354,0.00010319286668062692,0.19645542016897657,61.45290000131354,6162711.905996588,0.7479433207393165,0.5101999995531514,6348036.377186846,0.7437253408086637
PAR,38,611610,62.167999989469536,0.00010164647404304955,0.14047003643190942,62.167999989469536,4317469.134614595,0.8234142777593514,0.9061000018846244,4366579.482509247,0.8237181386147243
PAR,39,627705,62.8487999929348,0.00010012474011348452,0.14902082170317338,62.8487999929348,3405010.1228468954,0.8607341122698466,0.48230000538751483,3473641.3424032186,0.859766674561525
PAR,40,643800,63.54950000240933,9.871000311029718e-05,0.34427110175514913,63.54950000240933,12403754.6816624,0.4926828865094589,0.4268000047886744,12586612.009018084,0.49186968830601774
PAR,41,659895,64.30869999167044,9.745292810472945e-05,0.24367728457623308,64.30869999167044,6026218.004824546,0.7535259603294107,0.39820000529289246,6229736.085469481,0.7485012061535845
PAR,42,675990,65.01799999387003,9.618189617282805e-05,0.30077168382804975,65.01799999387003,8194355.14493525,0.6648485312926424,0.4199999966658652,8364254.702707498,0.6623291997775513
PAR,43,692085,65.69619999208953,9.492504532259698e-05,0.18336986139422634,65.69619999208953,5236301.900526818,0.7858337548816896,0.4121999954804778,5189385.18613676,0.7905008980778525
PAR,44,708180,66.37590000173077,9.372744217816201e-05,0.16352191111500447,66.37590000173077,5273323.376600587,0.784319565923513,0.41340000461786985,5307627.8377009155,0.7857273597061469
PAR,45,724275,67.1511999971699,9.271505988356619e-05,0.13991246795365828,67.1511999971699,3430182.8110979563,0.8597045421219296,0.3995000006398186,3465413.394228516,0.860098842572076
PAR,46,740370,67.83269999141339,9.162000079880789e-05,0.16843357231026387,67.83269999141339,4608225.79926164,0.8115222470297412,0.40520000038668513,4771096.702917622,0.8073874960919851
PAR,47,756465,68.49809999403078,9.055025677860942e-05,0.20329605114400925,68.49809999403078,5339165.0057128435,0.7816266244645751,0.3882000019075349,5472907.519407113,0.7790549035978726
PAR,48,772560,69.17019998945761,8.953375788218083e-05,0.2371333498373824,69.17019998945761,10155358.609446809,0.5846429288203738,0.5092999927001074,10280371.653891867,0.5849742210946587
PAR,49,788655,69.85069999063853,8.856939978905673e-05,0.16469650817452683,69.85069999063853,4876054.867113947,0.800567961565472,0.94600000011269,4788894.354729998,0.8066689924663579
PAR,50,804750,70.52999999723397,8.764212488006706e-05,0.15367794364255646,70.52999999723397,3669364.133575413,0.849921957635677,0.6709000008413568,3726597.3541742093,0.849554663814394
PAR,51,820845,72.49649999721441,8.831935383320166e-05,0.13957678945225205,72.49649999721441,3342355.026145158,0.8632967236419652,0.4123000107938424,3399734.102542188,0.8627503614186491
PAR,52,836940,75.44149999739602,9.013967548139177e-05,0.19499436415225138,75.44149999739602,4399181.556598357,0.8200722163335149,0.3968999953940511,4439638.206598002,0.820768706931553
PAR,53,853035,76.77659999171738,9.000404437299451e-05,0.26400125660986296,76.77659999171738,8802428.543896452,0.6399781553888492,0.4693000082625076,8807039.665615857,0.6444536617809222
PAR,54,869130,78.07019999017939,8.982568774542288e-05,0.13646180333396507,78.07019999017939,3002156.189261327,0.8772109533546745,0.39430000470019877,3159049.8751587947,0.8724669516648984
PAR,55,885225,78.84219998959452,8.906458808731624e-05,0.18415918282715132,78.84219998959452,4584718.557447726,0.8124836999421234,0.407300001825206,4718848.520416846,0.8094967916864264
PAR,56,901320,79.56230000127107,8.827308836070548e-05,0.14700241908999218,79.56230000127107,3805952.1184264324,0.8443354699962083,0.39080000715330243,3817156.1803153404,0.8458987407970829
PAR,57,917415,80.2791000023717,8.750576347931057e-05,0.17616116665069453,80.2791000023717,4503978.925943226,0.8157859739591764,0.38640000275336206,4697833.717233791,0.8103451739583152
PAR,58,933510,80.97349999297876,8.674090260734085e-05,0.18697681144576245,80.97349999297876,5353429.930683776,0.7810431849540282,0.3858999989461154,5406591.30360858,0.7817321355153998
PAR,59,949605,81.65159999043681,8.598480419799476e-05,0.14809189909952655,81.65159999043681,4212104.747023502,0.8277237113421065,0.42300000495743006,4434688.6622240795,0.820968523492488
PAR,60,965700,82.34919999085832,8.527410167842842e-05,0.22261929123834623,82.34919999085832,9010730.442757297,0.6314585481588777,2.926899993326515,8965697.381608145,0.638048539050353
PAR,61,981795,83.06819999415893,8.460849769469077e-05,0.2886775539697129,83.06819999415893,9078103.28577146,0.6287029796134819,0.6696000054944307,9450588.029805629,0.6184731651507244
PAR,62,997890,83.74099999491591,8.391806711653179e-05,0.2094574088711725,83.74099999491591,7125674.910990577,0.7085578584636104,0.9034999966388568,7479707.691759981,0.6980389799835915
PAR,63,1013985,84.4204000022728,8.325606394796056e-05,0.24303324435588203,84.4204000022728,6585843.269876111,0.7306371269568783,0.43230000301264226,6737552.991555228,0.7280002832215083
PAR,64,1030080,85.10339999338612,8.26182432368225e-05,0.24762361056534538,85.10339999338612,7017976.508858512,0.7129627539085323,0.41960000817198306,7210067.108695997,0.7089245585189021
PAR,65,1046175,85.7757999910973,8.19899156365783e-05,0.1721583919639017,85.7757999910973,6037864.885274801,0.7530495995884224,0.5774000019300729,6336999.187667405,0.7441709198530262
PAR,66,1062270,86.46009999210946,8.139183069474753e-05,0.14560021366575593,86.46009999210946,3951803.375988325,0.838370111853915,0.4545999981928617,4140335.951997438,0.8328517478493099
PAR,67,1078365,87.1465999953216,8.081363916236301e-05,0.14079371845560495,87.1465999953216,3744914.3353635166,0.8468319327780077,0.42779999785125256,3836208.987817182,0.8451295656602296
PAR,68,1094460,87.99189999990631,8.039754764898334e-05,0.2035798122756421,87.99189999990631,4731206.802960304,0.8064922888104922,0.4050999996252358,4923927.408020545,0.8012176138580116
PAR,69,1110555,89.01840000180528,8.015667841917355e-05,0.2844009815761072,89.01840000180528,11683784.117755974,0.5221298884579215,0.397100011468865,11718976.083968213,0.5268967561711915
PAR,70,1126650,90.90519999153912,8.0686282333945e-05,0.15721418669934772,90.90519999153912,4342296.652125806,0.8223988251934002,0.6474999972851947,4332560.733468996,0.8250914992570384
PAR,71,1142745,92.2461000009207,8.072325847054304e-05,0.19692336687130127,92.2461000009207,4903806.874619415,0.7994328965224609,0.8394000033149496,5058671.971419568,0.7957778817879391
PAR,72,1158840,93.66629998839926,8.082763797279974e-05,0.16935102120376844,93.66629998839926,4055949.779430798,0.8341104941711364,0.5052999913459644,4018015.720684419,0.8377899009614446
PAR,73,1174935,94.42929999204352,8.036980768471748e-05,0.2322526383968896,94.42929999204352,8945518.968201844,0.6341257161162418,0.4107000131625682,9023760.560035683,0.6357044880117424
PAR,74,1191030,95.13429999060463,7.987565383794248e-05,0.15480274437110386,95.13429999060463,4638397.669899512,0.8102882088926242,0.45790000876877457,4735707.113314557,0.8088161985246052
PAR,75,1207125,95.81590000016149,7.9375292534047e-05,0.5651017304151421,95.81590000016149,20840839.38495026,0.1476037094538919,0.4997999931219965,20873337.53485357,0.15732879506577602
PAR,76,1223220,96.50049998890609,7.889055115915869e-05,0.1727555408107012,96.50049998890609,3893755.434988555,0.8407442892403485,0.5109999910928309,3973080.347210075,0.8396039733514765
PAR,77,1239315,97.2021999914432,7.843219842529397e-05,0.19976675674166042,97.2021999914432,6435138.446218354,0.7368009973404313,0.41590000910218805,6636559.0512660155,0.7320774790802186
PAR,78,1255410,97.88919999846257,7.797388900714712e-05,0.307190823287475,97.88919999846257,9666995.547418041,0.6046171177109454,0.42019999818876386,9852194.337986264,0.602260038186305
PAR,79,1271505,98.56980000040494,7.752214894979173e-05,0.2055120999665804,98.56980000040494,6553351.060749079,0.7319660676017321,0.4704999882960692,6817554.207581062,0.7247705782932894
PAR,80,1287600,99.25210000074003,7.7083022678425e-05,0.2080724584236051,99.25210000074003,9334995.909087887,0.6181959978581448,1.2466999905882403,9781070.946891919,0.6051313391257166
PAR,81,1303695,99.9322999996366,7.66531282237307e-05,0.1599092730808605,99.9322999996366,4675326.834764671,0.8087777954892774,0.7409000099869445,4840788.091917347,0.8045740060766066
PAR,82,1319790,100.60549998888746,7.6228415118229e-05,0.166711968327599,100.60549998888746,3589027.3687551576,0.8532077542901396,0.5612000095425174,3673572.7834894275,0.8516953027417078
PAR,83,1335885,101.28679999615997,7.581999947312828e-05,0.2450252994211583,101.28679999615997,5764869.147012228,0.7642152033499462,0.4481999931158498,5879433.702840562,0.7626431578356452
PAR,84,1351980,101.96719999657944,7.5420642314664e-05,0.14634997363464636,101.96719999657944,4227762.323747563,0.8270833119766103,0.40040000749286264,4462730.917353332,0.8198364380806853
PAR,85,1368075,102.63969999505207,7.502490725658467e-05,0.2013394336825412,102.63969999505207,5645413.588681437,0.7691009698455035,0.3966999938711524,5827485.411592339,0.7647403466109102
PAR,86,1384170,103.34709999733604,7.466358900809586e-05,0.16817122153547845,103.34709999733604,4037158.640450659,0.8348790571289879,0.40950000402517617,4169642.6065975977,0.8316686177483728
PAR,87,1400265,104.02859999157954,7.429208042161987e-05,0.21092762820718286,104.02859999157954,6621893.328594597,0.7291626692463219,0.43309999455232173,6878799.605111612,0.7222980588484442
PAR,88,1416360,106.09109999495558,7.490404981428139e-05,0.1853042278576567,106.09109999495558,5464858.42336258,0.7764857277390782,0.4045999958179891,5606937.674737367,0.773644012680161
PAR,89,1432455,108.9800999907311,7.607924855631144e-05,0.22456879164199675,108.9800999907311,6791581.686753305,0.7222223668730983,0.43829999049194157,6930859.53128084,0.720196363293502
PAR,90,1448550,109.97130000032485,7.591819405634935e-05,0.39566627486281225,109.97130000032485,13937712.967851542,0.42994355394954764,0.8469000022159889,14322976.0588498,0.42177145971018404
PAR,91,1464645,110.80470000160858,7.56529397919691e-05,0.19807863613424484,110.80470000160858,5884596.637094064,0.7593183147680089,0.46579999616369605,6077764.225868456,0.7546364161952109
PAR,92,1480740,111.48529998899903,7.52902602678384e-05,0.23072164789233063,111.48529998899903,8995117.928789603,0.6320971044447523,0.4020000051241368,9376034.850966658,0.6214829290152243
PAR,93,1496835,112.15809998975601,7.493016931709641e-05,0.2512598883745355,112.15809998975601,6106961.571864333,0.7502235253478391,0.9276000055251643,6338934.809104749,0.7440927774646238
PAR,94,1512930,112.88139999669511,7.4611118820233e-05,0.23270357983294318,112.88139999669511,6651944.82230571,0.7279335545599326,0.6992999988142401,6887008.110304743,0.7219666757646295
PAR,95,1529025,113.55809999804478,7.426830823436162e-05,0.13646384436131612,113.55809999804478,3234269.5295020887,0.8677174513630816,0.6812000065110624,3373965.846068703,0.8637906439175694
PAR,96,1545120,114.27520000142977,7.395878637350482e-05,0.3885051216929726,114.27520000142977,10213037.583629657,0.5822838422822632,0.4155999922659248,10297289.700222367,0.5842912277562597
PAR,97,1561215,114.95269999431912,7.363028153990265e-05,0.18354953386038703,114.95269999431912,4877932.036771792,0.8004911847896657,0.40499999886378646,5114886.771096458,0.7935084510895775
PAR,98,1577310,115.62689999118447,7.330638871951897e-05,0.16707478292715733,115.62689999118447,3287368.8194916835,0.8655456752180936,0.3854000096907839,3348940.067010708,0.8648009520850106
PAR,99,1593405,116.30129998957273,7.298916470675862e-05,0.2242349643420558,116.30129998957273,6731330.596146467,0.7246866537084795,1.6497000033268705,6769195.114932681,0.7267228686159795
PAR,100,1609500,117.00119999295566,7.269412860699327e-05,0.184783945945631,117.00119999295566,4876819.817231814,0.800536674886904,0.8528999896952882,5073954.589981302,0.7951609118100205
GD,1,16095,2.4564000050304458,0.00015261882603482112,0.49533921991086544,2.4564000050304458,23952183.699302703,0.02034883726861436,0.5739000043831766,24267975.560210824,0.020284888677213786
GD,2,32190,5.176699996809475,0.00016081702382135678,0.4884873943433566,5.176699996809475,23464270.435741484,0.040304629273237524,0.4363000043667853,23773705.624579463,0.04023891095686949
GD,3,48285,7.243000000016764,0.00015000517759173167,0.48171278758621294,7.243000000016764,22985839.199764837,0.05987260363814617,0.4022999928565696,23289014.457797322,0.05980623165253163
GD,4,64380,9.43120000010822,0.00014649269959782883,0.47501406284405456,9.43120000010822,22516762.538668115,0.07905797321540686,1.188099995488301,22813774.026686084,0.07899201955297042
GD,5,80475,15.564400004222989,0.00019340664807981347,0.46838709292471675,15.564400004222989,22056913.385126997,0.0978659350949207,0.6124999927124009,22347856.67107989,0.0978014283881824
GD,6,96570,19.61000000301283,0.00020306513413081525,0.4618338357362541,19.61000000301283,21606165.081219297,0.11630166962192467,0.42159999429713935,21891135.127941616,0.11623959585580046
GD,7,112665,21.877200008020736,0.00019417920390556726,0.45535989058425863,21.877200008020736,21164391.40224475,0.13437033942275523,0.49170000420417637,21443482.555286344,0.1343116426552856
GD,8,128760,24.229100003140047,0.0001881725691452318,0.4489662789419392,24.229100003140047,20731466.58032401,0.15207708843964252,0.41200000850949436,21004772.55589334,0.15202267153065852
GD,9,144855,26.198999999905936,0.00018086362224228322,0.44264556890288825,26.198999999905936,20307265.3277594,0.16942704097524908,2.6132000057259575,20574879.200789113,0.1693777663224716
GD,10,160950,32.74830000009388,0.0002034687791245348,0.43639877571021607,32.74830000009388,19891662.860141195,0.18642530074761632,0.4810999962501228,20153677.052485228,0.1863819910296829
GD,11,177045,35.29569999955129,0.00019936004970234284,0.4302259534082843,35.29569999955129,19484534.919184633,0.20307694995612424,0.519599998369813,19741041.18795613,0.2030403888820247
GD,12,193140,38.10130000056233,0.00019727296262070173,0.42412362060604186,38.10130000056233,19085757.79528409,0.21938704835901934,0.43569999979808927,19336847.221343342,0.21935798142341945
GD,13,209235,40.19770000013523,0.00019211747556639773,0.41809188136269365,40.19770000013523,18695208.34977237,0.23536063236300275,0.41900000360328704,18940971.32637398,0.23533976760692876
GD,14,225330,42.15290000138339,0.00018707185018143784,0.41213229983584393,42.15290000138339,18312764.036874354,0.2510027141253205,0.4434000002220273,18553290.258482818,0.2509907229016697
GD,15,241425,47.47640001005493,0.0001966507197268507,0.40624517445076025,47.47640001005493,17938302.92534562,0.2663182806687372,0.8003999973880127,18173681.376628388,0.2663157984120845
GD,16,257520,51.224099996034056,0.00019891309411321085,0.4004303514917005,51.224099996034056,17571703.71978791,0.2813122930097275,0.4611000040313229,17802022.66479507,0.28131992000988526
GD,17,273615,53.742999996757135,0.00019641832500687877,0.3946930693009581,53.742999996757135,17212845.781634696,0.2959896853001608,0.4203000135021284,17438192.75317426,0.2960079874789562
GD,18,289710,55.74009999691043,0.00019239964100966633,0.3890302929234142,55.74009999691043,16861609.149800915,0.3103553639827201,0.8271999977296218,17082070.939018782,0.3103848736734459
GD,19,305805,58.59050000435673,0.00019159431665393545,0.38343962356505396,58.59050000435673,16517874.560992513,0.3244142069602374,1.069300007657148,16733537.207165882,0.32445542368923974
GD,20,321900,64.28900000173599,0.0001997173035157999,0.3779168640000582,64.28900000173599,16181523.469671769,0.3381710627791049,0.82230000407435,16392472.250225041,0.3382244540489643
GD,21,337995,68.22149999788962,0.00020184174321480976,0.37246805009708983,68.22149999788962,15852438.067675564,0.351630749826883,0.44970000453758985,16058757.488427436,0.3516967519006504
GD,22,354090,70.33129999763332,0.00019862549068777239,0.36709436135266443,70.33129999763332,15530501.303484267,0.3647980555441971,0.41280000004917383,15732275.089134766,0.3648770742301479
GD,23,370185,72.24710000446066,0.00019516485001947853,0.36179443191356087,72.24710000446066,15215596.901139246,0.3776777356510056,0.450999999884516,15412907.9860054,0.3777701470873758
GD,24,386280,74.48000001022592,0.00019281350318480357,0.35656629930078476,74.48000001022592,14907609.37880751,0.39027451338730146,0.43569999979808927,15100539.89781617,0.39038066482647216
GD,25,402375,76.72860000457149,0.00019068928239719538,0.35141079235719996,76.72860000457149,14606424.066991834,0.4025930787683122,0.746300007449463,14795055.346938182,0.4027132893599139
GD,26,418470,83.21189999696799,0.00019884794608207994,0.34632615643543707,83.21189999696799,14311927.126384813,0.4146380878542647,0.4233999934513122,14496339.677464904,0.41477264942667225
GD,27,434565,85.39530000416562,0.00019650754203436914,0.3413150996203933,85.39530000416562,14024005.565364873,0.42641416203479254,0.5059999966761097,14204279.072990466,0.4265633398744908
GD,28,450660,88.0816999997478,0.00019545045044989083,0.3363756964923227,88.0816999997478,13742547.257131804,0.43792588732808857,0.47640000411774963,13918760.574035637,0.4380899209563871
GD,29,466755,90.22410000034142,0.00019330076806963273,0.3315065438406261,90.22410000034142,13467440.956478702,0.44917781369492704,0.40460001036990434,13639672.095118191,0.44935691764150887
GD,30,482850,92.1610000077635,0.00019086879985039557,0.3267097540940662,92.1610000077635,13198576.31619641,0.46017445436771764,0.6104000058257952,13366902.441463577,0.46036881894051396
GD,31,498945,98.05480000795797,0.00019652426621763515,0.3219869102911639,98.05480000795797,12935843.903105384,0.47092028519479745,0.8505000005243346,13100341.325350728,0.47113007724567757
GD,32,515040,102.02920000301674,0.000198099565088181,0.31733636344341903,102.02920000301674,12679135.21370899,0.4814197440002068,0.44299999717622995,12839879.382086664,0.4816451076859869
GD,33,531135,104.24080000666436,0.00019626046110059469,0.3127570013225221,104.24080000666436,12428342.68946074,0.4916772299592549,0.45029999455437064,12585408.185602365,0.4919182874975251
GD,34,547230,106.18489999615122,0.0001940407141351008,0.3082493899358248,106.18489999615122,12183359.731636839,0.5016971029902282,0.4225000011501834,12336820.263660857,0.5019539554095092
GD,35,563325,108.29990000638645,0.00019225118715907594,0.303813055534037,108.29990000638645,11944080.71580388,0.5114836831626574,0.4417000018293038,12094009.112667244,0.5117564110464002
GD,36,579420,111.53390000981744,0.00019249231992305658,0.29944682604829875,111.53390000981744,11710401.005870188,0.5210412501226143,0.5031000036979094,11856869.21206877,0.5213299143465613
GD,37,595515,116.75519999698736,0.00019605753003196788,0.2951592744152863,116.75519999698736,11482216.967707954,0.5303740425355616,0.4470999992918223,11625296.038331842,0.5306786849979965
GD,38,611610,119.28430000261869,0.0001950332728415472,0.29094428425095126,119.28430000261869,11259425.982331928,0.5394862575473416,0.4619999963324517,11399186.07848134,0.5398069018917587
GD,39,627705,121.67390000831801,0.00019383930350772737,0.28680127222179297,121.67390000831801,11041926.458619373,0.5483820502639251,0.5980999994790182,11178436.843186654,0.5487187025936577
GD,40,643800,124.04950000927784,0.00019268328674942192,0.28273144004351225,124.04950000927784,10829617.845554862,0.557065533250597,0.4288000054657459,10962946.879377551,0.5574181828349484
GD,41,659895,126.07100000604987,0.00019104706052637142,0.2787355277328127,126.07100000604987,10622400.643982753,0.5655407760512763,1.2438999983714893,10752615.78237236,0.5659093960227077
GD,42,675990,131.1664000095334,0.0001940360064639024,0.27480505725469045,131.1664000095334,10420176.417849623,0.5738118047286966,0.6886999908601865,10547344.207500283,0.5741963527706341
GD,43,692085,134.8543000058271,0.0001948522219175782,0.2709403055920597,134.8543000058271,10222847.804918688,0.5818826014261849,0.4410999972606078,10347033.881199451,0.5822830204510105
GD,44,708180,137.30850000865757,0.00019388926545321468,0.26714612872251975,137.30850000865757,10030318.526938356,0.5897571039517628,0.4560999950626865,10151587.611572338,0.5901733227685759
GD,45,724275,139.58820000698324,0.00019272817646195608,0.2634212213737109,139.58820000698324,9842493.399247453,0.5974392053852918,0.42740000935737044,9960909.298380662,0.5978711393570232
GD,46,740370,141.6555000032531,0.00019133068601274108,0.2597635448451107,141.6555000032531,9659278.339800619,0.6049327537093312,0.4199999966658652,9774903.942462761,0.6053803053988138
GD,47,756465,145.52930000354536,0.00019238074465248935,0.25617612538344814,145.52930000354536,9480580.37759854,0.6122415514643388,0.6869000062579289,9593477.654557578,0.6127046112689472
GD,48,772560,150.52910000667907,0.00019484454282732612,0.25266048127468516,150.52910000667907,9306307.660509419,0.6193693554287718,0.4245000018272549,9416537.663521208,0.619847802203253
GD,49,788655,152.952100004768,0.00019394044291200588,0.24921910621135956,152.952100004768,9136369.46247012,0.6263198763245564,0.4104999970877543,9243992.323923929,0.6268135779916932
GD,50,804750,154.88280000863597,0.0001924607642232196,0.24585534793919417,154.88280000863597,8970676.190057924,0.6330967785483024,0.40330000047106296,9075751.12301819,0.6336055926970604
GD,51,820845,156.78620000835508,0.0001910058537340851,0.2425606602607533,156.78620000835508,8809139.388426632,0.639703679928514,0.45179999142419547,8911724.687070763,0.640227454399344
GD,52,836940,159.04949999821838,0.00019003692020720528,0.239338415776291,159.04949999821838,8651671.746603763,0.6461441515089333,1.1203999893041328,8751824.787055416,0.6466827249659127
GD,53,853035,164.3637000088347,0.00019268107405772883,0.23618174760315983,164.3637000088347,8498187.102149092,0.6524217173580049,0.6951000104891136,8595964.343705827,0.6529749198475254
GD,54,869130,167.69879999628756,0.00019295019156660977,0.23309454412237313,167.69879999628756,8348600.445178071,0.6585398544043164,0.4160999960731715,8444057.431931974,0.6591075079000381
GD,55,885225,169.72079999686684,0.00019172617130883883,0.23007769834838498,169.72079999686684,8202827.921757399,0.6645019922977189,0.4155000060563907,8296019.284606683,0.6650839112315388
GD,56,901320,171.92410001007374,0.00019074701549957144,0.22712916066006383,171.92410001007374,8060786.836683422,0.6703115132956894,0.44660001003649086,8151766.295732828,0.6709075050744842
GD,57,917415,174.14360000111628,0.00018981987432199854,0.22424668374597398,174.14360000111628,7922395.655657616,0.6759717521743536,0.4161000106250867,8011216.0230049165,0.6765816176822882
GD,58,933510,176.01530000683852,0.00018855213121106204,0.22142817505451823,176.01530000683852,7787574.006876538,0.6814859961634556,0.850900003570132,7874287.189782179,0.6821095302496663
GD,59,949605,181.73490000481252,0.00019137946831031063,0.21867447611962554,181.73490000481252,7656242.682056667,0.686857484904442,0.4600000102072954,7740899.686493214,0.6874944768559288
GD,60,965700,184.93810000654776,0.000191506782651494,0.21598390252330046,184.93810000654776,7528323.63691715,0.6920894104307171,0.45199999294709414,7610974.571494908,0.6927396444303058
GD,61,981795,187.4452000047313,0.00019092091526717013,0.21336094812170361,187.4452000047313,7403739.991145614,0.6971849171690425,0.4287000047042966,7484434.071410481,0.6978481727383002
GD,62,997890,189.46280000091065,0.00018986341179980825,0.2108017121402427,189.46280000091065,7282416.027873968,0.7021471019609746,0.4270000063115731,7361201.580973225,0.7028231543879963
GD,63,1013985,191.42460000875872,0.00018878444948274256,0.20830381145571028,191.42460000875872,7164277.192692206,0.7069790141032031,0.47300000733230263,7241201.6624037335,0.7076676348552007
GD,64,1030080,196.40650000656024,0.00019067111292963676,0.20586420299421926,196.40650000656024,7049250.092228971,0.7116836554056037,0.5400000081863254,7124360.044348969,0.7123846125262736
GD,65,1046175,200.29570000770036,0.0001914552536695107,0.20348730962236045,200.29570000770036,6937262.492327651,0.7162639802658384,0.43599998753052205,7010603.620411674,0.7169770387574973
GD,66,1062270,202.6724000024842,0.00019079179493206456,0.2011735920731406,202.6724000024842,6828243.31584635,0.7207228957593362,0.41050001163966954,6899860.447298122,0.7214478179498528
GD,67,1078365,204.59330000448972,0.00018972546401681224,0.19891949696176783,204.59330000448972,6722122.64010916,0.7250632617435369,0.4710000066552311,6792059.742611259,0.725799807638112
GD,68,1094460,206.74460000009276,0.00018890101054409733,0.1967253311367224,206.74460000009276,6618831.69403466,0.7292878909753364,0.407900006393902,6687131.882314786,0.7300358185932149
GD,69,1110555,208.77789999940433,0.000187994201097113,0.19459322241380184,208.77789999940433,6518302.854965686,0.7333995492407506,0.45429999590851367,6585008.39789183,0.7341586149369754
GD,70,1126650,213.81630000541918,0.00018978058847505364,0.1925164445331218,213.81630000541918,6420469.645222167,0.7374009554959045,0.628800000413321,6485621.973219544,0.7381709142682567
GD,71,1142745,217.26479999779258,0.0001901253560486308,0.19049796549634726,217.26479999779258,6325266.7283961205,0.741294782018568,0.47620000259485096,6388906.441178281,0.7420753877998603
GD,72,1158840,219.622899996466,0.00018951960580965965,0.18854063853878839,219.622899996466,6232629.905405008,0.7450836545695758,0.4398000019136816,6294796.78001104,0.7458746605054989
GD,73,1174935,221.76660000695847,0.000188747973298062,0.18664544277782738,221.76660000695847,6142496.110316444,0.7487701525635969,0.4253999941283837,6203229.10944565,0.7495713112763454
GD,74,1191030,223.63950000726618,0.00018776982948142884,0.18480508924512531,223.63950000726618,6054803.405953875,0.7523568092488641,0.4064999957336113,6114140.686588769,0.753167873086796
GD,75,1207125,225.5528000096092,0.0001868512374523013,0.1830193543353814,225.5528000096092,5969490.979289317,0.7558461118956121,0.44319999869912863,6027469.901597213,0.7566668331692207
GD,76,1223220,230.11260000930633,0.0001881203708321531,0.1812877819106846,230.11260000930633,5886499.136625637,0.7592405019931237,1.0473000002093613,5943156.273128499,0.7600706331976288
GD,77,1239315,234.28440000861883,0.00018904346353317667,0.17961081321806732,234.28440000861883,5805769.2985672355,0.7625423754554307,0.4697999975178391,5861140.443568847,0.7633816694803177
GD,78,1255410,236.44530000456143,0.0001883410997240435,0.17798741527755935,236.44530000456143,5727243.994774308,0.7657540828358653,0.4231999919284135,5781364.174033219,0.7666022931617245
GD,79,1271505,238.51500000455417,0.00018758479125489412,0.17641426967007415,238.51500000455417,5650866.858492476,0.7688779295508005,0.45449999743141234,5703770.339128542,0.7697348104338383
GD,80,1287600,240.5268000002252,0.00018680242311294284,0.1748913049897213,240.5268000002252,5576582.6208461225,0.7719161761130537,0.5259000026853755,5628302.921467836,0.7727814827576693
GD,81,1303695,242.71930000395514,0.00018617797874806235,0.1734164489839597,242.71930000395514,5504337.104880758,0.7748710383755564,2.2234000061871484,5554907.005919982,0.775744527095389
GD,82,1319790,247.97180001041852,0.00018788731541413293,0.17199124597092028,247.97180001041852,5434077.219336992,0.7777446877859994,0.5670000100508332,5483528.773577106,0.7786261161538716
GD,83,1335885,251.144200010458,0.00018799836813083312,0.1706150559988459,251.144200010458,5365750.952136386,0.7805392516532645,0.4135000053793192,5414115.495419304,0.7814283786404528
GD,84,1351980,253.0795000056969,0.0001871917484028587,0.16928942183603968,253.0795000056969,5299307.3635576675,0.7832568134265188,0.4067999980179593,5346615.525654686,0.784153399531798
GD,85,1368075,254.94140000955667,0.00018635045593959153,0.16801072094501207,254.94140000955667,5234696.579080611,0.7858994129879014,0.4123999970033765,5280978.294711573,0.7868032203568109
GD,86,1384170,256.92960000014864,0.00018561997442521411,0.16677624428298177,256.92960000014864,5171869.781874374,0.788469046959754,0.4040000058012083,5217154.301859255,0.7893798394945397
GD,87,1400265,258.8263000070583,0.00018484094082695654,0.16558819378741527,258.8263000070583,5110779.20490726,0.7909676690273321,0.45420000969897956,5155095.107433936,0.7918852124880205
GD,88,1416360,262.9040000028908,0.0001856194752766887,0.16444608581585943,262.9040000028908,5051378.122655841,0.793397190277906,0.6636000034632161,5094753.324647563,0.7943212523749608
GD,89,1432455,266.4663000032306,0.0001860207126948006,0.1633423554528449,266.4663000032306,4993620.842392981,0.7957594795570818,0.4434000002220273,5036082.610958912,0.7966898300360948
GD,90,1448550,268.612400002894,0.0001854353664028815,0.16227967221630124,268.612400002894,4937462.695036781,0.798056363843083,0.4591000033542514,4979037.6589889,0.798992774561939
GD,91,1464645,270.71430000069086,0.00018483270690214412,0.1612535998891911,270.71430000069086,4882860.025545364,0.800289628639606,0.4197999951429665,4923574.186965026,0.8012318736385553
GD,92,1480740,272.593700006837,0.00018409288599405502,0.1602666939386858,272.593700006837,4829770.182846103,0.8024610183877179,0.3998000029241666,4869648.928683729,0.8034088739527798
GD,93,1496835,274.411999998847,0.00018332815574117857,0.15931637155914918,274.411999998847,4778151.509291847,0.8045722368970996,0.42720000783447176,4817219.622983388,0.8055254816172034
GD,94,1512930,276.2708000082057,0.00018260646560528624,0.15840197738853987,276.2708000082057,4727963.329641101,0.8066249477967599,0.8285000076284632,4766245.002725234,0.8075833626150207
GD,95,1529025,282.3476000048686,0.00018465858962729098,0.15752421555712062,282.3476000048686,4679165.9395636,0.8086207750051605,0.46409999777097255,4716684.783284074,0.8095841432646678
GD,96,1545120,284.56120000919327,0.00018416770219089343,0.15668015677576455,284.56120000919327,4631720.593677368,0.8105613032195043,0.4123000107938424,4668499.650555325,0.8115294107039861
GD,97,1561215,286.53189999749884,0.00018353135218243408,0.15587185107682225,286.53189999749884,4585589.493127812,0.8124480784237529,0.43700000969693065,4621651.248489545,0.8134207133934623
GD,98,1577310,288.4953000029782,0.00018290336078702232,0.1551010475820063,288.4953000029782,4540735.772723752,0.8142826084147676,0.42720000783447176,4576102.166169939,0.8152595616379187
GD,99,1593405,290.40720000921283,0.0001822557353649655,0.15436948950318652,290.40720000921283,4497123.487649291,0.8160663633457976,0.40839999564923346,4531815.924452451,0.8170474281258615
GD,100,1609500,292.28570000850596,0.0001816003106607679,0.15366863283557106,292.28570000850596,4454717.599774062,0.8178007762863946,0.446999998530373,4488756.962191737,0.8187857484855484
Nesterov,1,16095,4.31669999670703,0.00026820130454843305,0.49533921991086544,4.31669999670703,23952183.699302703,0.02034883726861436,0.516200001584366,24267975.560210824,0.020284888677213786
Nesterov,2,32190,7.968799996888265,0.00024755514125157706,0.4823385389168565,7.968799996888265,23030186.567224547,0.058058783627353394,0.4130000015720725,23333950.17249818,0.0579921454869472
Nesterov,3,48285,10.831799998413771,0.00022433053740113432,0.46411758305543904,10.831799998413771,21764522.539568033,0.10982480429114316,0.4459999909158796,22051630.021985497,0.10976030496502076
Nesterov,4,64380,13.74249999935273,0.0002134591487939225,0.44154378283814116,13.74249999935273,20238684.345570784,0.1722320227583628,0.4346000059740618,20505477.409832135,0.17217956506273813
Nesterov,5,80475,18.76510000147391,0.0002331792482320461,0.415428567261279,18.76510000147391,18534816.950990785,0.2419206864391189,0.6495999987237155,18778596.10608209,0.2418949685807238
Nesterov,6,96570,22.534899995662272,0.00023335300813567643,0.3865812170668383,22.534899995662272,16730575.690423813,0.31571466994191866,0.43480000749696046,16949563.09450704,0.3157343078409096
Nesterov,7,112665,25.541700000758283,0.0002267048329184599,0.3558324442402914,25.541700000758283,14896744.694056723,0.39071888210050265,0.41760000749491155,15090026.444445334,0.39080510027697113
Nesterov,8,128760,28.313900009379722,0.000219896707124726,0.3240181444078446,28.313900009379722,13095502.986733513,0.4643901830178724,0.4126999992877245,13262955.295717506,0.46456523776472236
Nesterov,9,144855,30.97120000165887,0.00021380829106112232,0.2920228288518224,30.97120000165887,11379244.675641008,0.5345856387273293,0.749400001950562,11521447.282330623,0.5348711317595336
Nesterov,10,160950,37.144600006286055,0.00023078347316735667,0.26079288155523367,37.144600006286055,9789878.455864511,0.5995911716155627,0.4724000027636066,9908017.831814483,0.6000064047781681
Nesterov,11,177045,40.481100004399195,0.00022864864867349653,0.23143025653547356,40.481100004399195,8358549.549209127,0.6581329332043739,0.417199989897199,8454313.986217618,0.6586934436449126
Nesterov,12,193140,43.321600009221584,0.00022430154296997816,0.204998285612475,43.321600009221584,7105741.563936899,0.7093731380582986,0.4253999941283837,7181210.1374407,0.7100895345893485
Nesterov,13,209235,46.175099996617064,0.00022068535377263394,0.18258771497073165,46.175099996617064,6041723.500221463,0.7528917811336842,0.4178000090178102,6099251.247624604,0.753768970129939
Nesterov,14,225330,50.32809999829624,0.0002233528602418508,0.16519295762521335,50.32809999829624,5167316.213196421,0.7886552892208327,1.2229999992996454,5209418.788615843,0.789692127563217
Nesterov,15,241425,56.61680000775959,0.00023451092474996207,0.15334077261011125,56.61680000775959,4474984.894445748,0.8169718381386333,0.4678999976022169,4504227.630428199,0.8181611868110108
Nesterov,16,257520,59.50430000666529,0.00023106671329087175,0.14679920496757962,59.50430000666529,3950297.147288334,0.8384317170384697,0.41449999844189733,3969195.2361214925,0.8397608179977556
Nesterov,17,273615,62.329599997610785,0.00022780037643261805,0.1444198702176744,62.329599997610785,3573712.7224457813,0.8538341277036099,0.4243000003043562,3584649.024750999,0.8552852169467682
Nesterov,18,289710,65.32890000380576,0.00022549756654518572,0.14508749975414467,65.32890000380576,3322517.6903300006,0.8641080763495421,0.6173000001581386,3327681.648574441,0.865659169274704
Nesterov,19,305805,72.03769999614451,0.00023556743675265125,0.1477239255732041,72.03769999614451,3172666.4553020685,0.8702370347140408,0.4476999893086031,3174013.8350832504,0.8718628461585761
Nesterov,20,321900,75.00939999590628,0.00023302081390464828,0.15158936040921883,75.00939999590628,3100370.785312794,0.8731939482904634,0.41480000072624534,3099601.6379457465,0.8748669184933889
Nesterov,21,337995,77.76610000291839,0.00023008062250305002,0.1558871309037313,77.76610000291839,3083371.0095588523,0.8738892439801005,0.40099999750964344,3081922.660564715,0.8755806311493934
Nesterov,22,354090,80.38070000475273,0.00022700641081293662,0.16014995829871545,80.38070000475273,3101876.4411639483,0.8731323665355899,0.42159999429713935,3100928.553927238,0.8748133499690883
Nesterov,23,370185,86.03230000881013,0.0002324035279895461,0.16394872178167602,86.03230000881013,3139181.181267642,0.8716065919975865,0.6345000001601875,3139670.247071763,0.8732493207768819
Nesterov,24,386280,89.71329999621958,0.00023224940456720403,0.16708315562480872,89.71329999621958,3181974.3580092215,0.8698563388316057,0.42969999776687473,3184615.1197782196,0.8714348648962196
Nesterov,25,402375,92.51400000357535,0.00022991985089425374,0.16936389357084325,92.51400000357535,3220378.8250607164,0.8682855851469564,0.413799993111752,3225690.241433885,0.8697766335663901
Nesterov,26,418470,95.34010000061244,0.00022783019093510274,0.17068908478684308,95.34010000061244,3247766.0856983014,0.8671654383551456,0.4167000006418675,3256099.6043891385,0.8685489863595168
Nesterov,27,434565,98.11890000128187,0.0002257864761342535,0.17105686620064903,98.11890000128187,3260403.484148609,0.866648565144704,3.550800000084564,3271971.6706731194,0.8679082199656432
Nesterov,28,450660,105.57230000267737,0.0002342615275433306,0.17052552614292196,105.57230000267737,3256991.3202676848,0.8667881236231852,0.4636999947251752,3271895.263537156,0.8679113045750507
Nesterov,29,466755,108.5635000054026,0.00023259204508875662,0.16919574792319786,108.5635000054026,3238143.6930207317,0.8675589969673031,0.41290000081062317,3256398.0338992816,0.868536938551902
Nesterov,30,482850,111.33919999701902,0.00023058755306413798,0.16720194496331525,111.33919999701902,3205859.5098236003,0.8688794292921362,0.44129999878350645,3227414.361110441,0.8697070296516894
Nesterov,31,498945,114.15100000158418,0.0002287847357956973,0.16467307734509745,114.15100000158418,3163020.949410962,0.8706315386632415,0.6073999975342304,3187780.3563948055,0.871307082084815
Nesterov,32,515040,121.00739999732468,0.00023494757688203766,0.16177899250662778,121.00739999732468,3112946.9810462147,0.8726795782886443,0.47420000191777945,3140783.8866077564,0.8732043623715435
Nesterov,33,531135,124.37800000770949,0.00023417398591263895,0.15868660880302551,124.37800000770949,3059020.119784759,0.874885202335306,0.4540000081760809,3089788.0361723453,0.8752631004464344
Nesterov,34,547230,127.21639999654144,0.00023247336585446968,0.15551734722240018,127.21639999654144,3004395.9266360737,0.8771193474555661,0.4062000080011785,3037937.6768225287,0.8773563356426087
Nesterov,35,563325,129.84920000599232,0.00023050494830868914,0.15241446715017376,129.84920000599232,2951797.165133086,0.8792706518423195,0.4132999893045053,2987951.146526593,0.879374326759009
Nesterov,36,579420,135.56720000633504,0.00023397052225731773,0.1494982468972992,135.56720000633504,2903388.242329608,0.8812505906281256,0.810699988505803,2941992.6956952238,0.881229701496006
Nesterov,37,595515,140.11170000594575,0.00023527820458921396,0.14679077928570514,140.11170000594575,2860720.777445283,0.8829957021431958,0.48299999616574496,2901616.5279330304,0.8828597155693176
Nesterov,38,611610,143.07089999783784,0.0002339250502736022,0.14435755668126418,143.07089999783784,2824737.960651691,0.8844674096397953,0.4195000074105337,2867770.0502649955,0.8842261214960976
Nesterov,39,627705,145.91849999851547,0.00023246349797837436,0.1422415810699783,145.91849999851547,2795823.773423862,0.885650008165791,0.41539999074302614,2840842.3385925274,0.8853132120106485
Nesterov,40,643800,149.04540000134148,0.00023150885368335115,0.1404291048420132,149.04540000134148,2773882.9852876677,0.8865473926748073,0.9357000089948997,2820743.660747291,0.8861246096632353
Nesterov,41,659895,156.45029999723192,0.00023708362693645492,0.1388992591560365,156.45029999723192,2758438.8413310354,0.8871790625790819,0.43999998888466507,2807002.900724837,0.8866793337357751
Nesterov,42,675990,159.3089000089094,0.0002356675394738227,0.13764215486837195,159.3089000089094,2748737.1600149754,0.8875758641192273,0.41399999463465065,2798871.540054818,0.8870076024413484
Nesterov,43,692085,162.09450000314973,0.00023421183814581985,0.13664460522499308,162.09450000314973,2743847.8123789174,0.8877758398357128,0.4135000053793192,2795425.1139836838,0.8871467370672906
Nesterov,44,708180,164.88219999882858,0.00023282527040982318,0.13587150278029875,164.88219999882858,2742756.937400214,0.8878204569342912,2.5034999998752028,2795655.4549628063,0.8871374380411958
Nesterov,45,724275,172.02670000551734,0.00023751572262678864,0.13529405243967083,172.02670000551734,2744445.525637698,0.887751393192505,0.4470999992918223,2798549.3241389017,0.8870206105227662
Nesterov,46,740370,175.10330000368413,0.0002365078271724734,0.13487818048821323,175.10330000368413,2747952.018668651,0.887607976624813,0.4143000114709139,2803151.0566726504,0.886834835368576
Nesterov,47,756465,177.82480000460055,0.00023507340062607068,0.13458408033844163,177.82480000460055,2752418.242076203,0.887425306810271,0.42640000174287707,2808608.525241663,0.8866145135533771
Nesterov,48,772560,180.49189999874216,0.00023362832660083638,0.13438565116123316,180.49189999874216,2757119.2867664327,0.8872330327381175,0.4027999966638163,2814203.0297852787,0.8863886595002384
Nesterov,49,788655,186.76009999762755,0.00023680836360338495,0.13425728522130417,186.76009999762755,2761478.886577706,0.8870547238591536,0.6050999945728108,2819364.6598247434,0.8861802808929592
Nesterov,50,804750,190.47860000864603,0.00023669288600018147,0.1341774795606038,190.47860000864603,2765072.4421473294,0.8869077464087334,0.42660000326577574,2823675.2813153323,0.8860062580947639
Nesterov,51,820845,193.31669999519363,0.0002355093836171185,0.13412782233733545,193.31669999519363,2767620.157446124,0.8868035441244613,0.41530000453349203,2826861.618754353,0.8858776234284302
Nesterov,52,836940,196.1213000031421,0.0002343313738178867,0.13409816856835585,196.1213000031421,2768972.837733583,0.8867482191138881,0.40920000174082816,2828780.9868418756,0.8858001371991042
Nesterov,53,853035,198.94260000728536,0.0002332173943710227,0.13407867270204543,198.94260000728536,2769092.7983257747,0.8867433126913633,0.5137999978614971,2829402.126990276,0.8857750613377853
Nesterov,54,869130,205.82529999956023,0.00023681762221941508,0.1340640710882526,205.82529999956023,2768032.1025234764,0.8867866954529967,0.4315999976824969,2828783.3726399555,0.8858000408827705
Nesterov,55,885225,208.793700003298,0.00023586511904125844,0.13405123672591548,208.793700003298,2765910.0297409366,0.8868734888366361,0.43000000005122274,2827050.0492850896,0.8858700163563883
Nesterov,56,901320,211.69490000465885,0.00023487207651517645,0.13403906713131247,211.69490000465885,2762891.310760763,0.8869969553061661,0.4304000030970201,2824372.6499781236,0.885978104835115
Nesterov,57,917415,215.01070000522304,0.0002343657995620554,0.13402785040486365,215.01070000522304,2759166.2888995046,0.8871493097655087,1.6271999920718372,2820946.947796777,0.8861164028231623
Nesterov,58,933510,221.72889999637846,0.00023752171909929026,0.1340187989393294,221.72889999637846,2754933.799625292,0.8873224197871579,0.46579999616369605,2816976.839366418,0.8862766788714532
Nesterov,59,949605,224.83330000250135,0.0002367650760079205,0.13401339347222252,224.83330000250135,2750387.226101828,0.8875083759444177,0.4233000072417781,2812660.377402481,0.886450937453634
Nesterov,60,965700,227.60670000570826,0.00023569089780025709,0.13401333841967775,227.60670000570826,2745703.897376023,0.8876999254285602,0.4006000090157613,2808179.158568379,0.8866318473856561
Nesterov,61,981795,230.2951000019675,0.00023456536242491305,0.13402115689444918,230.2951000019675,2741037.7571619577,0.8878907718976573,0.410699998610653,2803690.9934536847,0.8868130377438741
Nesterov,62,997890,236.61360000551213,0.00023711391035636405,0.13403513189691982,236.61360000551213,2736515.04743796,0.8880757520186948,0.569799987715669,2799325.601217873,0.8869892716752815
Nesterov,63,1013985,240.34400000527967,0.0002370291473791818,0.1340542191130412,240.34400000527967,2732232.6216103495,0.8882509044596579,0.4327999922679737,2795182.941659113,0.8871565137330589
Nesterov,64,1030080,243.20340000849683,0.0002361014678554062,0.13407833487356802,243.20340000849683,2728258.4231092487,0.8884134503148253,0.4104999970877543,2791333.7184436275,0.887311909560853
Nesterov,65,1046175,246.05100000917446,0.00023519105313085713,0.13410701676780604,246.05100000917446,2724633.6311428957,0.8885617053428043,0.4239999980200082,2787821.5531186736,0.8874536981263551
Nesterov,66,1062270,248.82970000908244,0.000234243365631226,0.1341402787332755,248.82970000908244,2721375.9787399345,0.8886949442576523,0.7195000071078539,2784666.333094014,0.8875810765609525
Nesterov,67,1078365,255.871000001207,0.000237276803309832,0.13417615000899513,255.871000001207,2718483.781232248,0.8888132359627772,0.4304000030970201,2781868.270057287,0.8876940363186675
Nesterov,68,1094460,258.8209999958053,0.00023648283171226478,0.13421236682659096,258.8209999958053,2715940.2679102803,0.8889172663849954,0.40669999725650996,2779412.260190283,0.887793187151183
Nesterov,69,1110555,261.75430000876077,0.00023569683627444005,0.13424708341678251,261.75430000876077,2713717.8779874616,0.8890081627683593,0.4284000024199486,2777272.206312461,0.8878795826198922
Nesterov,70,1126650,265.03589999629185,0.0002352424444115669,0.13427741019396414,265.03589999629185,2711782.257215318,0.8890873302114551,1.3651000044774264,2775415.037641034,0.887954557815378
Nesterov,71,1142745,270.95720000215806,0.00023711081650075745,0.1343025040874916,270.95720000215806,2710095.7674477682,0.889156308125221,0.4658999969251454,2773804.239150765,0.8880195868746952
Nesterov,72,1158840,274.0464999951655,0.0002364834662206737,0.13432064161418095,274.0464999951655,2708620.393262517,0.8892166513512997,0.4783000040333718,2772402.7746227267,0.8880761649758514
Nesterov,73,1174935,276.8830999993952,0.0002356582279014543,0.13433116113683366,276.8830999993952,2707319.9937365823,0.8892698380637761,0.3986000083386898,2771175.3517035916,0.888125716895783
Nesterov,74,1191030,279.53050000360236,0.00023469643921950108,0.13433361269828883,279.53050000360236,2706161.901189429,0.8893172043801258,0.4027999966638163,2770090.0311954096,0.8881695320422033
Nesterov,75,1207125,283.4296000073664,0.00023479722481712035,0.13432696414195366,283.4296000073664,2705117.9108398915,0.8893599038839642,0.7314999966183677,2769119.2250473164,0.8882087241639809
Nesterov,76,1223220,289.92130000551697,0.0002370148460665432,0.13431139574270212,289.92130000551697,2704164.7355671623,0.8893988890251914,0.45140000293031335,2768240.157822485,0.8882442127213968
Nesterov,77,1239315,293.4864999988349,0.00023681348164012773,0.13428679639768026,293.4864999988349,2703284.018847141,0.8894349105908923,0.49739998939912766,2767434.885298074,0.8882767221352512
Nesterov,78,1255410,296.50389999733306,0.00023618092893742528,0.13425378526145687,296.50389999733306,2702462.0076127276,0.8894685310854443,0.41039999632630497,2766689.972491053,0.8883067947851864
Nesterov,79,1271505,300.2528000070015,0.00023613969273184258,0.13421326243241496,300.2528000070015,2701688.9868507823,0.889500147855663,0.5032000044593588,2765995.933390154,0.8883348136280979
Nesterov,80,1287600,305.7542000024114,0.00023746054675552298,0.13416596004717068,305.7542000024114,2700958.571029118,0.8895300220716407,0.4386000073282048,2765346.5278547453,0.8883610305828182
Nesterov,81,1303695,308.67769999895245,0.00023677140742194488,0.13411261261637936,308.67769999895245,2700266.9358414467,0.8895583101485982,0.4585999995470047,2764737.9994237623,0.8883855973003025
Nesterov,82,1319790,311.81199999991804,0.0002362587987482236,0.13405417353495114,311.81199999991804,2699612.0590902297,0.8895850947949934,0.4150999884586781,2764168.322995508,0.8884085955353197
Nesterov,83,1335885,314.6180000039749,0.00023551278740608278,0.133991875527758,314.6180000039749,2698993.023438415,0.8896104135301737,0.6544999923789874,2763636.515142436,0.8884300649895261
Nesterov,84,1351980,320.27060000109486,0.00023689004275292153,0.13392663807482952,320.27060000109486,2698409.4176376043,0.8896342831743163,0.5021999968448654,2763142.0436068224,0.8884500271505378
Nesterov,85,1368075,323.93140000931453,0.00023677897776753067,0.13385949246516599,323.93140000931453,2697860.857773291,0.8896567194296343,0.4853999998886138,2762684.3573793517,0.8884685042629853
Nesterov,86,1384170,326.8769999995129,0.00023615379613740574,0.133791035270739,326.8769999995129,2697346.636841986,0.8896777512127727,0.4141999961575493,2762262.545480101,0.8884855331037638
Nesterov,87,1400265,329.5972000050824,0.00023538201697898784,0.1337221747162311,329.5972000050824,2696865.5000806656,0.8896974298438978,0.4195000074105337,2761875.121631247,0.8885011736749464
Nesterov,88,1416360,334.06510000349954,0.00023586171595039364,0.13365359650637737,334.06510000349954,2696415.535132575,0.8897158335389479,0.5471000040415674,2761519.923659011,0.8885155132649979
Nesterov,89,1432455,339.1775000054622,0.00023678056204590176,0.13358600358058934,339.1775000054622,2695994.1603598655,0.8897330678876492,0.4368999943835661,2761194.110691475,0.8885286665619001
Nesterov,90,1448550,342.12220000335947,0.00023618252735726033,0.13351951327792994,342.12220000335947,2695598.1912337993,0.8897492631381376,0.42019999818876386,2760894.2378572924,0.8885407726375139
Nesterov,91,1464645,344.9713000009069,0.00023553236449850096,0.13345480799615012,344.9713000009069,2695223.9634545287,0.889764569161325,0.421799995820038,2760616.3869416597,0.8885519896729054
Nesterov,92,1480740,347.7615000010701,0.00023485655820810547,0.13339240945279565,347.7615000010701,2694867.49190468,0.8897791489496514,0.6193000008352101,2760356.3319466915,0.888562488274559
Nesterov,93,1496835,355.2071000012802,0.0002373054478291062,0.1333324390100859,355.2071000012802,2694524.6463192827,0.8897931714321351,0.46669998846482486,2760109.720325108,0.8885724441578461
Nesterov,94,1512930,358.4095999976853,0.00023689767537009992,0.13327506345023843,358.4095999976853,2694191.327253885,0.8898068042772267,0.417499992181547,2759872.2534007146,0.8885820308633251
Nesterov,95,1529025,361.1269999964861,0.00023618122659635135,0.13322035448186134,361.1269999964861,2693863.629175053,0.8898202072223603,0.42969999776687473,2759639.8527756836,0.8885914130387629
Nesterov,96,1545120,363.99290000554174,0.00023557581288543398,0.13316857183312583,363.99290000554174,2693537.980951123,0.8898335263278423,0.521400012075901,2759408.8030193257,0.8886007406786893
Nesterov,97,1561215,370.751399997971,0.00023747619642263944,0.13311976854977037,370.751399997971,2693211.257412589,0.889846889413999,0.641100006760098,2759175.8643604745,0.8886101445749279
Nesterov,98,1577310,375.4732000088552,0.00023804654760881198,0.13307417047044456,375.4732000088552,2692880.8587706457,0.8898604028129362,0.454699998954311,2758938.352254693,0.8886197331044111
Nesterov,99,1593405,378.64140000601765,0.00023763035763413423,0.13303158464748097,378.64140000601765,2692544.757382369,0.8898741494558291,0.4306999908294529,2758694.183420639,0.8886295903706607
Nesterov,100,1609500,381.44900000770576,0.00023699844672737234,0.13299182407648763,381.44900000770576,2692201.5135439583,0.8898881882269751,2.5536000030115247,2758441.8901491915,0.8886397756261184
